scene,perturbation_type_severity,ATE Mean
office0,brightness_high_dynamicPerturbation,0.006414566770757907
office0,brightness_high_staticPerturbation,0.00505110797366815
office0,brightness_low_dynamicPerturbation,0.006188778871125418
office0,brightness_low_staticPerturbation,0.004955059220604349
office0,brightness_mid_dynamicPerturbation,0.006019275890529868
office0,brightness_mid_staticPerturbation,0.005134595483460618
office0,contrast_high_dynamicPerturbation,0.005219221938558771
office0,contrast_high_staticPerturbation,0.006068453343300492
office0,contrast_low_dynamicPerturbation,0.005163143159795531
office0,contrast_low_staticPerturbation,0.005640414026618247
office0,contrast_mid_dynamicPerturbation,0.005220754232903589
office0,contrast_mid_staticPerturbation,0.005246978512336801
office0,defocusBlur_high_dynamicPerturbation,0.004958947999603192
office0,defocusBlur_high_staticPerturbation,0.004984526426201237
office0,defocusBlur_low_dynamicPerturbation,0.004898979422516602
office0,defocusBlur_low_staticPerturbation,0.004846700025455125
office0,defocusBlur_mid_dynamicPerturbation,0.005091340373596203
office0,defocusBlur_mid_staticPerturbation,0.0052128258466327786
office0,fog_high_dynamicPerturbation,0.005630006638154059
office0,fog_high_staticPerturbation,0.005627256823407187
office0,fog_low_dynamicPerturbation,0.005734529109803146
office0,fog_low_staticPerturbation,0.0053211883915929865
office0,fog_mid_dynamicPerturbation,0.00623761721560232
office0,fog_mid_staticPerturbation,0.005497331180748387
office0,frost_high_dynamicPerturbation,0.005864743855964702
office0,frost_high_staticPerturbation,0.0057019968789946
office0,frost_low_dynamicPerturbation,0.0058915054676226975
office0,frost_low_staticPerturbation,0.005485932170348368
office0,frost_mid_dynamicPerturbation,0.006252522472175755
office0,frost_mid_staticPerturbation,0.005517991266774702
office0,gaussianBlur_high_dynamicPerturbation,0.005219726655696515
office0,gaussianBlur_high_staticPerturbation,0.005202373472699154
office0,gaussianBlur_low_dynamicPerturbation,0.005230131013194571
office0,gaussianBlur_low_staticPerturbation,0.005119280686632805
office0,gaussianBlur_mid_dynamicPerturbation,0.005224027986094197
office0,gaussianBlur_mid_staticPerturbation,0.005153071542148247
office0,gaussianNoise_high_dynamicPerturbation,0.00501756918992876
office0,gaussianNoise_high_staticPerturbation,0.005434110944335198
office0,gaussianNoise_low_dynamicPerturbation,0.005462552360340522
office0,gaussianNoise_low_staticPerturbation,0.0056318837123971975
office0,gaussianNoise_mid_dynamicPerturbation,0.005733876937499914
office0,gaussianNoise_mid_staticPerturbation,0.00520374654226382
office0,glassBlur_high_dynamicPerturbation,0.004837955186574624
office0,glassBlur_high_staticPerturbation,0.005062183607650148
office0,glassBlur_low_dynamicPerturbation,0.00513108980754727
office0,glassBlur_low_staticPerturbation,0.0049734713295870635
office0,glassBlur_mid_dynamicPerturbation,0.005098338261158555
office0,glassBlur_mid_staticPerturbation,0.0050644180492694256
office0,impulseNoise_high_dynamicPerturbation,0.0055587919538352916
office0,impulseNoise_high_staticPerturbation,0.005653443997628577
office0,impulseNoise_low_dynamicPerturbation,0.005860959751692235
office0,impulseNoise_low_staticPerturbation,0.005889136407559265
office0,impulseNoise_mid_dynamicPerturbation,0.005918803424035782
office0,impulseNoise_mid_staticPerturbation,0.005366770335296231
office0,jpegCompression_high_dynamicPerturbation,0.005527586329517272
office0,jpegCompression_high_staticPerturbation,0.004975905941482615
office0,jpegCompression_low_dynamicPerturbation,0.005349922157106977
office0,jpegCompression_low_staticPerturbation,0.004856437918319374
office0,jpegCompression_mid_dynamicPerturbation,0.005204270093826485
office0,jpegCompression_mid_staticPerturbation,0.0048902852612984545
office0,motionBlur_high_dynamicPerturbation,0.0055753924229300636
office0,motionBlur_high_staticPerturbation,0.006193833792940971
office0,motionBlur_low_dynamicPerturbation,0.005776607512057508
office0,motionBlur_low_staticPerturbation,0.005304514151674153
office0,motionBlur_mid_dynamicPerturbation,0.005899945690717581
office0,motionBlur_mid_staticPerturbation,0.005532589431397809
office0,noPerturb_high_dynamicPerturbation,0.005317226764874658
office0,noPerturb_high_staticPerturbation,0.004991315645547887
office0,noPerturb_low_dynamicPerturbation,0.005255267298501083
office0,noPerturb_low_staticPerturbation,0.004854059057690055
office0,noPerturb_mid_dynamicPerturbation,0.004977000394146241
office0,noPerturb_mid_staticPerturbation,0.004993472753258994
office0,noPerturb_no_staticPerturbation16,0.9154133042487641
office0,noPerturb_no_staticPerturbation2,0.15820459717502625
office0,noPerturb_no_staticPerturbation32,0.8334970252879907
office0,noPerturb_no_staticPerturbation4,0.915669316305974
office0,noPerturb_no_staticPerturbation8,1.2536755648262161
office0,pixelate_high_dynamicPerturbation,0.005176299461202736
office0,pixelate_high_staticPerturbation,0.00511041601793022
office0,pixelate_low_dynamicPerturbation,0.004894288087310577
office0,pixelate_low_staticPerturbation,0.005242502651903582
office0,pixelate_mid_dynamicPerturbation,0.004900377067237729
office0,pixelate_mid_staticPerturbation,0.004792385686390761
office0,shotNoise_high_dynamicPerturbation,0.00547355756245775
office0,shotNoise_high_staticPerturbation,0.005888886098537866
office0,shotNoise_low_dynamicPerturbation,0.0051135264694061175
office0,shotNoise_low_staticPerturbation,0.005281321677583475
office0,shotNoise_mid_dynamicPerturbation,0.005418366861959414
office0,shotNoise_mid_staticPerturbation,0.0051366390855590045
office0,snow_high_dynamicPerturbation,0.005713372548320981
office0,snow_high_staticPerturbation,0.005422262148418212
office0,snow_low_dynamicPerturbation,0.0067991757483652025
office0,snow_low_staticPerturbation,0.005357565510090511
office0,snow_mid_dynamicPerturbation,0.006507477649387388
office0,snow_mid_staticPerturbation,0.0053533948392488285
office0,spatter_high_dynamicPerturbation,0.005110067737235277
office0,spatter_high_staticPerturbation,0.005157418525305127
office0,spatter_low_dynamicPerturbation,0.005096030422030124
office0,spatter_low_staticPerturbation,0.004812004096095227
office0,spatter_mid_dynamicPerturbation,0.005264549303488309
office0,spatter_mid_staticPerturbation,0.005094227561625399
office0,speckleNoise_high_dynamicPerturbation,0.005181421859344061
office0,speckleNoise_high_staticPerturbation,0.005219703912079758
office0,speckleNoise_low_dynamicPerturbation,0.005201232008240446
office0,speckleNoise_low_staticPerturbation,0.005193590572834827
office0,speckleNoise_mid_dynamicPerturbation,0.004976097103173892
office0,speckleNoise_mid_staticPerturbation,0.005064558754953337
office1,brightness_high_dynamicPerturbation,0.006946844027146381
office1,brightness_high_staticPerturbation,0.00883913762480712
office1,brightness_low_dynamicPerturbation,0.006334917804600362
office1,brightness_low_staticPerturbation,0.004440536879117273
office1,brightness_mid_dynamicPerturbation,0.0072881090040852
office1,brightness_mid_staticPerturbation,0.0051174307743440135
office1,contrast_high_dynamicPerturbation,0.0052181281766757225
office1,contrast_high_staticPerturbation,0.005331360324924086
office1,contrast_low_dynamicPerturbation,0.005671592664175363
office1,contrast_low_staticPerturbation,0.005980841764335224
office1,contrast_mid_dynamicPerturbation,0.00467229597269158
office1,contrast_mid_staticPerturbation,0.006093561161409296
office1,defocusBlur_high_dynamicPerturbation,0.004578572078669523
office1,defocusBlur_high_staticPerturbation,0.004977897361533013
office1,defocusBlur_low_dynamicPerturbation,0.004808883753549735
office1,defocusBlur_low_staticPerturbation,0.00450635050112634
office1,defocusBlur_mid_dynamicPerturbation,0.005361421516165889
office1,defocusBlur_mid_staticPerturbation,0.004668715119861007
office1,fog_high_dynamicPerturbation,0.005392720481790723
office1,fog_high_staticPerturbation,0.006171148593975279
office1,fog_low_dynamicPerturbation,0.005189498682793622
office1,fog_low_staticPerturbation,0.005156599339750427
office1,fog_mid_dynamicPerturbation,0.004937633539277073
office1,fog_mid_staticPerturbation,0.007486474139699518
office1,frost_high_dynamicPerturbation,0.006510797671313982
office1,frost_high_staticPerturbation,0.005658683231991121
office1,frost_low_dynamicPerturbation,0.0076159495569531705
office1,frost_low_staticPerturbation,0.007098523607624565
office1,frost_mid_dynamicPerturbation,0.008234467997260441
office1,frost_mid_staticPerturbation,0.005260823730646827
office1,gaussianBlur_high_dynamicPerturbation,0.0050967144291411085
office1,gaussianBlur_high_staticPerturbation,0.0047569901318133025
office1,gaussianBlur_low_dynamicPerturbation,0.0045554327241702644
office1,gaussianBlur_low_staticPerturbation,0.004689685131185678
office1,gaussianBlur_mid_dynamicPerturbation,0.006391759426177968
office1,gaussianBlur_mid_staticPerturbation,0.004632902497317822
office1,gaussianNoise_high_dynamicPerturbation,0.007805623414869774
office1,gaussianNoise_high_staticPerturbation,0.00627998783949489
office1,gaussianNoise_low_dynamicPerturbation,0.004577701236658576
office1,gaussianNoise_low_staticPerturbation,0.004684963073582681
office1,gaussianNoise_mid_dynamicPerturbation,0.0048977565109431
office1,gaussianNoise_mid_staticPerturbation,0.004690932362639266
office1,glassBlur_high_dynamicPerturbation,0.004898179179355713
office1,glassBlur_high_staticPerturbation,0.00490570278541052
office1,glassBlur_low_dynamicPerturbation,0.005507037526372744
office1,glassBlur_low_staticPerturbation,0.004614113016172863
office1,glassBlur_mid_dynamicPerturbation,0.005127325753556117
office1,glassBlur_mid_staticPerturbation,0.005887385845377866
office1,impulseNoise_high_dynamicPerturbation,0.006551402066706917
office1,impulseNoise_high_staticPerturbation,0.005079672959243689
office1,impulseNoise_low_dynamicPerturbation,0.0047653520717103265
office1,impulseNoise_low_staticPerturbation,0.0050270698368383914
office1,impulseNoise_mid_dynamicPerturbation,0.005350890116948838
office1,impulseNoise_mid_staticPerturbation,0.006681842698892856
office1,jpegCompression_high_dynamicPerturbation,0.004908076268201321
office1,jpegCompression_high_staticPerturbation,0.004406965227512797
office1,jpegCompression_low_dynamicPerturbation,0.004931959962697692
office1,jpegCompression_low_staticPerturbation,0.005365745457504197
office1,jpegCompression_mid_dynamicPerturbation,0.005766419186520227
office1,jpegCompression_mid_staticPerturbation,0.004956669632444488
office1,motionBlur_high_dynamicPerturbation,0.005672183032493417
office1,motionBlur_high_staticPerturbation,0.006975557331513136
office1,motionBlur_low_dynamicPerturbation,0.005260591563123176
office1,motionBlur_low_staticPerturbation,0.0047119737861508705
office1,motionBlur_mid_dynamicPerturbation,0.005724276839139867
office1,motionBlur_mid_staticPerturbation,0.005809976834510936
office1,noPerturb_high_dynamicPerturbation,0.004336165547439715
office1,noPerturb_high_staticPerturbation,0.00471469610338107
office1,noPerturb_low_dynamicPerturbation,0.005570084107264248
office1,noPerturb_low_staticPerturbation,0.005081156517456002
office1,noPerturb_mid_dynamicPerturbation,0.004979576229498963
office1,noPerturb_mid_staticPerturbation,0.006331474667405056
office1,noPerturb_no_staticPerturbation16,0.6386400444119875
office1,noPerturb_no_staticPerturbation2,0.016015447266671104
office1,noPerturb_no_staticPerturbation32,0.6134943686483079
office1,noPerturb_no_staticPerturbation4,0.45662772325522066
office1,noPerturb_no_staticPerturbation8,0.5026744099992889
office1,pixelate_high_dynamicPerturbation,0.005039657784418827
office1,pixelate_high_staticPerturbation,0.004665332794516994
office1,pixelate_low_dynamicPerturbation,0.0046359886046440976
office1,pixelate_low_staticPerturbation,0.0046496124671984804
office1,pixelate_mid_dynamicPerturbation,0.006510802784148484
office1,pixelate_mid_staticPerturbation,0.00488045536753253
office1,shotNoise_high_dynamicPerturbation,0.005062267490178877
office1,shotNoise_high_staticPerturbation,0.005573541889132862
office1,shotNoise_low_dynamicPerturbation,0.0071163640574761
office1,shotNoise_low_staticPerturbation,0.005284394472637681
office1,shotNoise_mid_dynamicPerturbation,0.006449601218315114
office1,shotNoise_mid_staticPerturbation,0.004726712978152205
office1,snow_high_dynamicPerturbation,0.006613371927517314
office1,snow_high_staticPerturbation,0.0057919588688775895
office1,snow_low_dynamicPerturbation,0.006172841382731695
office1,snow_low_staticPerturbation,0.008301802423978238
office1,snow_mid_dynamicPerturbation,0.006978413437839114
office1,snow_mid_staticPerturbation,0.006991577748812791
office1,spatter_high_dynamicPerturbation,0.006089931993992362
office1,spatter_high_staticPerturbation,0.005503833902077144
office1,spatter_low_dynamicPerturbation,0.007829396644951926
office1,spatter_low_staticPerturbation,0.004478157838565382
office1,spatter_mid_dynamicPerturbation,0.004714943817571294
office1,spatter_mid_staticPerturbation,0.00484662042538646
office1,speckleNoise_high_dynamicPerturbation,0.0044227140794781995
office1,speckleNoise_high_staticPerturbation,0.004956777962948974
office1,speckleNoise_low_dynamicPerturbation,0.006204652214572704
office1,speckleNoise_low_staticPerturbation,0.0046242139686109044
office1,speckleNoise_mid_dynamicPerturbation,0.004872087139414812
office1,speckleNoise_mid_staticPerturbation,0.004730740957431572
office2,brightness_high_dynamicPerturbation,0.019377292397887266
office2,brightness_high_staticPerturbation,0.020606765696071543
office2,brightness_low_dynamicPerturbation,0.020388818935517805
office2,brightness_low_staticPerturbation,0.018730100580261127
office2,brightness_mid_dynamicPerturbation,0.019422256118375066
office2,brightness_mid_staticPerturbation,0.019408904662550314
office2,contrast_high_dynamicPerturbation,0.02196955735089145
office2,contrast_high_staticPerturbation,0.02314821636346918
office2,contrast_low_dynamicPerturbation,0.02262719821142614
office2,contrast_low_staticPerturbation,0.021176454991633818
office2,contrast_mid_dynamicPerturbation,0.022431987520303495
office2,contrast_mid_staticPerturbation,0.022958767257771406
office2,defocusBlur_high_dynamicPerturbation,0.018898833035490187
office2,defocusBlur_high_staticPerturbation,0.020283432293725354
office2,defocusBlur_low_dynamicPerturbation,0.019801392118833975
office2,defocusBlur_low_staticPerturbation,0.019554152156418154
office2,defocusBlur_mid_dynamicPerturbation,0.01946967620905701
office2,defocusBlur_mid_staticPerturbation,0.019471693043600823
office2,fog_high_dynamicPerturbation,0.021442715855894974
office2,fog_high_staticPerturbation,0.022385748262284285
office2,fog_low_dynamicPerturbation,0.023187373691342827
office2,fog_low_staticPerturbation,0.02214880275963938
office2,fog_mid_dynamicPerturbation,0.021611880080869013
office2,fog_mid_staticPerturbation,0.022064466497751803
office2,frost_high_dynamicPerturbation,0.020101789993113676
office2,frost_high_staticPerturbation,0.02114035233098177
office2,frost_low_dynamicPerturbation,0.019053700717019815
office2,frost_low_staticPerturbation,0.021321763455354928
office2,frost_mid_dynamicPerturbation,0.02037927133333782
office2,frost_mid_staticPerturbation,0.020340486404638626
office2,gaussianBlur_high_dynamicPerturbation,0.018484400420983736
office2,gaussianBlur_high_staticPerturbation,0.019803285323786248
office2,gaussianBlur_low_dynamicPerturbation,0.019065632654890335
office2,gaussianBlur_low_staticPerturbation,0.018601632783873393
office2,gaussianBlur_mid_dynamicPerturbation,0.019130031760784406
office2,gaussianBlur_mid_staticPerturbation,0.019036291067548994
office2,gaussianNoise_high_dynamicPerturbation,0.019308662595427278
office2,gaussianNoise_high_staticPerturbation,0.020886175541719995
office2,gaussianNoise_low_dynamicPerturbation,0.019210999010768757
office2,gaussianNoise_low_staticPerturbation,0.018305817731081094
office2,gaussianNoise_mid_dynamicPerturbation,0.01947572500630777
office2,gaussianNoise_mid_staticPerturbation,0.01919976339102653
office2,glassBlur_high_dynamicPerturbation,0.018403059781671765
office2,glassBlur_high_staticPerturbation,0.01803595296227265
office2,glassBlur_low_dynamicPerturbation,0.017546008156659403
office2,glassBlur_low_staticPerturbation,0.01905948161977236
office2,glassBlur_mid_dynamicPerturbation,0.018288194526037103
office2,glassBlur_mid_staticPerturbation,0.017714251550247594
office2,impulseNoise_high_dynamicPerturbation,0.018375196685948707
office2,impulseNoise_high_staticPerturbation,0.020249390523606053
office2,impulseNoise_low_dynamicPerturbation,0.019639829353973577
office2,impulseNoise_low_staticPerturbation,0.019032268301327152
office2,impulseNoise_mid_dynamicPerturbation,0.018975059384334775
office2,impulseNoise_mid_staticPerturbation,0.02006124987349343
office2,jpegCompression_high_dynamicPerturbation,0.019976623299377116
office2,jpegCompression_high_staticPerturbation,0.018530180436212462
office2,jpegCompression_low_dynamicPerturbation,0.019019016445008818
office2,jpegCompression_low_staticPerturbation,0.019400380211597977
office2,jpegCompression_mid_dynamicPerturbation,0.020164991491906568
office2,jpegCompression_mid_staticPerturbation,0.01797875081203132
office2,motionBlur_high_dynamicPerturbation,0.022182870222387196
office2,motionBlur_high_staticPerturbation,0.02085587208890399
office2,motionBlur_low_dynamicPerturbation,0.02023180666948986
office2,motionBlur_low_staticPerturbation,0.019391485649033674
office2,motionBlur_mid_dynamicPerturbation,0.021689290475216675
office2,motionBlur_mid_staticPerturbation,0.018872433784563502
office2,noPerturb_high_dynamicPerturbation,0.017827560971775954
office2,noPerturb_high_staticPerturbation,0.0187795857683548
office2,noPerturb_low_dynamicPerturbation,0.01779793664113294
office2,noPerturb_low_staticPerturbation,0.018566251980144693
office2,noPerturb_mid_dynamicPerturbation,0.018342198325321555
office2,noPerturb_mid_staticPerturbation,0.0185104456162268
office2,noPerturb_no_staticPerturbation16,0.734285432015638
office2,noPerturb_no_staticPerturbation2,0.03283642068104488
office2,noPerturb_no_staticPerturbation32,0.37004453670766824
office2,noPerturb_no_staticPerturbation4,1.1058978850558332
office2,noPerturb_no_staticPerturbation8,0.7699360926266543
office2,pixelate_high_dynamicPerturbation,0.018187033223794016
office2,pixelate_high_staticPerturbation,0.01860390351238261
office2,pixelate_low_dynamicPerturbation,0.017940848548355863
office2,pixelate_low_staticPerturbation,0.019369220608791062
office2,pixelate_mid_dynamicPerturbation,0.020425012567976738
office2,pixelate_mid_staticPerturbation,0.01903559999276671
office2,shotNoise_high_dynamicPerturbation,0.019769724974906182
office2,shotNoise_high_staticPerturbation,0.020574911308733682
office2,shotNoise_low_dynamicPerturbation,0.019824417111971998
office2,shotNoise_low_staticPerturbation,0.019694635723643373
office2,shotNoise_mid_dynamicPerturbation,0.018357819879809518
office2,shotNoise_mid_staticPerturbation,0.020068710688302707
office2,snow_high_dynamicPerturbation,0.019891679575008217
office2,snow_high_staticPerturbation,0.020612503668547152
office2,snow_low_dynamicPerturbation,0.020080491361797043
office2,snow_low_staticPerturbation,0.01945130961556041
office2,snow_mid_dynamicPerturbation,0.020004348002304058
office2,snow_mid_staticPerturbation,0.019306486727563615
office2,spatter_high_dynamicPerturbation,0.01890657892375839
office2,spatter_high_staticPerturbation,0.020362452629854744
office2,spatter_low_dynamicPerturbation,0.01898829295457326
office2,spatter_low_staticPerturbation,0.019305020453820498
office2,spatter_mid_dynamicPerturbation,0.019233020907149283
office2,spatter_mid_staticPerturbation,0.018902378373054203
office2,speckleNoise_high_dynamicPerturbation,0.018673806449812175
office2,speckleNoise_high_staticPerturbation,0.020401657792552343
office2,speckleNoise_low_dynamicPerturbation,0.02021420149329022
office2,speckleNoise_low_staticPerturbation,0.01845787486567893
office2,speckleNoise_mid_dynamicPerturbation,0.01913418342775919
office2,speckleNoise_mid_staticPerturbation,0.020126466446220383
office3,brightness_high_dynamicPerturbation,0.013591733109935066
office3,brightness_high_staticPerturbation,0.013280628856221246
office3,brightness_low_dynamicPerturbation,0.014813628795357126
office3,brightness_low_staticPerturbation,0.013246691954963663
office3,brightness_mid_dynamicPerturbation,0.013835821702614642
office3,brightness_mid_staticPerturbation,0.013634751620888508
office3,contrast_high_dynamicPerturbation,0.01593783698556642
office3,contrast_high_staticPerturbation,0.01680450695556286
office3,contrast_low_dynamicPerturbation,0.015958160770031298
office3,contrast_low_staticPerturbation,0.016461723337297215
office3,contrast_mid_dynamicPerturbation,0.015778397401618266
office3,contrast_mid_staticPerturbation,0.016387765986141056
office3,defocusBlur_high_dynamicPerturbation,0.014096041640726293
office3,defocusBlur_high_staticPerturbation,0.0153131111043426
office3,defocusBlur_low_dynamicPerturbation,0.014049967919370082
office3,defocusBlur_low_staticPerturbation,0.013644153048599447
office3,defocusBlur_mid_dynamicPerturbation,0.01353365620131022
office3,defocusBlur_mid_staticPerturbation,0.014453080623340707
office3,fog_high_dynamicPerturbation,0.015256566605731
office3,fog_high_staticPerturbation,0.016414419824355833
office3,fog_low_dynamicPerturbation,0.015351156986313598
office3,fog_low_staticPerturbation,0.01636644144296246
office3,fog_mid_dynamicPerturbation,0.016259240059057302
office3,fog_mid_staticPerturbation,0.015755121495149037
office3,frost_high_dynamicPerturbation,0.015131565496072124
office3,frost_high_staticPerturbation,0.016104481901880817
office3,frost_low_dynamicPerturbation,0.015462446758473438
office3,frost_low_staticPerturbation,0.014507051819957475
office3,frost_mid_dynamicPerturbation,0.014433968924215387
office3,frost_mid_staticPerturbation,0.015130320556408101
office3,gaussianBlur_high_dynamicPerturbation,0.01443398966873028
office3,gaussianBlur_high_staticPerturbation,0.01513567533588025
office3,gaussianBlur_low_dynamicPerturbation,0.013769618079234896
office3,gaussianBlur_low_staticPerturbation,0.013648009572437829
office3,gaussianBlur_mid_dynamicPerturbation,0.014733546746471926
office3,gaussianBlur_mid_staticPerturbation,0.014784084900568067
office3,gaussianNoise_high_dynamicPerturbation,0.013743674883071695
office3,gaussianNoise_high_staticPerturbation,0.014126183727144869
office3,gaussianNoise_low_dynamicPerturbation,0.013923209706306106
office3,gaussianNoise_low_staticPerturbation,0.012173865213084473
office3,gaussianNoise_mid_dynamicPerturbation,0.014889801826589714
office3,gaussianNoise_mid_staticPerturbation,0.013259539501532679
office3,glassBlur_high_dynamicPerturbation,0.014160546683889013
office3,glassBlur_high_staticPerturbation,0.013963918244882549
office3,glassBlur_low_dynamicPerturbation,0.013008341310778248
office3,glassBlur_low_staticPerturbation,0.013971047493353577
office3,glassBlur_mid_dynamicPerturbation,0.01370727352797373
office3,glassBlur_mid_staticPerturbation,0.014072394106454424
office3,impulseNoise_high_dynamicPerturbation,0.012599807970843788
office3,impulseNoise_high_staticPerturbation,0.014773333665771713
office3,impulseNoise_low_dynamicPerturbation,0.014455896342062236
office3,impulseNoise_low_staticPerturbation,0.01361116291599079
office3,impulseNoise_mid_dynamicPerturbation,0.013574913956780111
office3,impulseNoise_mid_staticPerturbation,0.013844827172363103
office3,jpegCompression_high_dynamicPerturbation,0.013027986807693594
office3,jpegCompression_high_staticPerturbation,0.013543440219587366
office3,jpegCompression_low_dynamicPerturbation,0.013087591106482365
office3,jpegCompression_low_staticPerturbation,0.013868058918703333
office3,jpegCompression_mid_dynamicPerturbation,0.013847999142027072
office3,jpegCompression_mid_staticPerturbation,0.01382970255451924
office3,motionBlur_high_dynamicPerturbation,0.015859127421182343
office3,motionBlur_high_staticPerturbation,0.015794501443167824
office3,motionBlur_low_dynamicPerturbation,0.015404511392412633
office3,motionBlur_low_staticPerturbation,0.013645095406154823
office3,motionBlur_mid_dynamicPerturbation,0.015023162248767305
office3,motionBlur_mid_staticPerturbation,0.014254587913243301
office3,noPerturb_high_dynamicPerturbation,0.013605209102752583
office3,noPerturb_high_staticPerturbation,0.013501188695935775
office3,noPerturb_low_dynamicPerturbation,0.013336199821484311
office3,noPerturb_low_staticPerturbation,0.012864023629249651
office3,noPerturb_mid_dynamicPerturbation,0.013737218026013263
office3,noPerturb_mid_staticPerturbation,0.013364595653711446
office3,noPerturb_no_staticPerturbation16,1.9444117686331226
office3,noPerturb_no_staticPerturbation2,0.030797312420131503
office3,noPerturb_no_staticPerturbation32,0.6621442266112584
office3,noPerturb_no_staticPerturbation4,1.1310399848978858
office3,noPerturb_no_staticPerturbation8,1.2013037781438043
office3,pixelate_high_dynamicPerturbation,0.013970545308009829
office3,pixelate_high_staticPerturbation,0.014171929808812456
office3,pixelate_low_dynamicPerturbation,0.013371086569546687
office3,pixelate_low_staticPerturbation,0.013135833465704141
office3,pixelate_mid_dynamicPerturbation,0.014230615374982776
office3,pixelate_mid_staticPerturbation,0.01427317878180654
office3,shotNoise_high_dynamicPerturbation,0.013918824139130894
office3,shotNoise_high_staticPerturbation,0.015272996994091358
office3,shotNoise_low_dynamicPerturbation,0.013510703762077046
office3,shotNoise_low_staticPerturbation,0.013396418581547023
office3,shotNoise_mid_dynamicPerturbation,0.013868755505250976
office3,shotNoise_mid_staticPerturbation,0.013847956993265813
office3,snow_high_dynamicPerturbation,0.014255623822578617
office3,snow_high_staticPerturbation,0.013351528179634158
office3,snow_low_dynamicPerturbation,0.015309912478230069
office3,snow_low_staticPerturbation,0.013116547442301056
office3,snow_mid_dynamicPerturbation,0.014335956586520584
office3,snow_mid_staticPerturbation,0.014480204872936326
office3,spatter_high_dynamicPerturbation,0.014151093194269751
office3,spatter_high_staticPerturbation,0.014027418255625439
office3,spatter_low_dynamicPerturbation,0.014230176771036359
office3,spatter_low_staticPerturbation,0.013297017366498257
office3,spatter_mid_dynamicPerturbation,0.013632882188856903
office3,spatter_mid_staticPerturbation,0.013686581377546869
office3,speckleNoise_high_dynamicPerturbation,0.013927225686621355
office3,speckleNoise_high_staticPerturbation,0.014121521695548374
office3,speckleNoise_low_dynamicPerturbation,0.013951899469168694
office3,speckleNoise_low_staticPerturbation,0.013731337844818042
office3,speckleNoise_mid_dynamicPerturbation,0.013838182829433408
office3,speckleNoise_mid_staticPerturbation,0.013829261087654726
office4,brightness_high_dynamicPerturbation,0.007838104661401694
office4,brightness_high_staticPerturbation,0.008100091931051713
office4,brightness_low_dynamicPerturbation,0.008996320524186734
office4,brightness_low_staticPerturbation,0.007246134170205378
office4,brightness_mid_dynamicPerturbation,0.009082087342973983
office4,brightness_mid_staticPerturbation,0.007828459508608568
office4,contrast_high_dynamicPerturbation,0.00868063434598427
office4,contrast_high_staticPerturbation,0.009889354923597125
office4,contrast_low_dynamicPerturbation,0.009114479011279757
office4,contrast_low_staticPerturbation,0.00879743701243062
office4,contrast_mid_dynamicPerturbation,0.008795864913201067
office4,contrast_mid_staticPerturbation,0.009210672604164557
office4,defocusBlur_high_dynamicPerturbation,0.007681959304316545
office4,defocusBlur_high_staticPerturbation,0.007733877545088716
office4,defocusBlur_low_dynamicPerturbation,0.008013383436805696
office4,defocusBlur_low_staticPerturbation,0.007586341332963421
office4,defocusBlur_mid_dynamicPerturbation,0.007333969876405114
office4,defocusBlur_mid_staticPerturbation,0.007825845488563401
office4,fog_high_dynamicPerturbation,0.009931988123823404
office4,fog_high_staticPerturbation,0.009418884344557484
office4,fog_low_dynamicPerturbation,0.009026999227788145
office4,fog_low_staticPerturbation,0.00904152458542071
office4,fog_mid_dynamicPerturbation,0.00929809289535212
office4,fog_mid_staticPerturbation,0.009480334430483085
office4,frost_high_dynamicPerturbation,0.009255978479824544
office4,frost_high_staticPerturbation,0.008796938785159976
office4,frost_low_dynamicPerturbation,0.008208304488935713
office4,frost_low_staticPerturbation,0.00792441708972944
office4,frost_mid_dynamicPerturbation,0.008272176391716702
office4,frost_mid_staticPerturbation,0.008105639851992592
office4,gaussianBlur_high_dynamicPerturbation,0.007367636123755181
office4,gaussianBlur_high_staticPerturbation,0.008363317012547763
office4,gaussianBlur_low_dynamicPerturbation,0.007562753069152368
office4,gaussianBlur_low_staticPerturbation,0.007388958733323906
office4,gaussianBlur_mid_dynamicPerturbation,0.007815743433146569
office4,gaussianBlur_mid_staticPerturbation,0.00745052018977394
office4,gaussianNoise_high_dynamicPerturbation,0.0077265856669663175
office4,gaussianNoise_high_staticPerturbation,0.008613679357472067
office4,gaussianNoise_low_dynamicPerturbation,0.007313388563490627
office4,gaussianNoise_low_staticPerturbation,0.007392114374443441
office4,gaussianNoise_mid_dynamicPerturbation,0.007648749011397931
office4,gaussianNoise_mid_staticPerturbation,0.007807612887446551
office4,glassBlur_high_dynamicPerturbation,0.007659302557786262
office4,glassBlur_high_staticPerturbation,0.008250183928617526
office4,glassBlur_low_dynamicPerturbation,0.007293986208408093
office4,glassBlur_low_staticPerturbation,0.007410968710614078
office4,glassBlur_mid_dynamicPerturbation,0.007474195886073473
office4,glassBlur_mid_staticPerturbation,0.007895084833296706
office4,impulseNoise_high_dynamicPerturbation,0.007956844638182012
office4,impulseNoise_high_staticPerturbation,0.008392558661197485
office4,impulseNoise_low_dynamicPerturbation,0.007474201417145256
office4,impulseNoise_low_staticPerturbation,0.00754002024408682
office4,impulseNoise_mid_dynamicPerturbation,0.00764616018866006
office4,impulseNoise_mid_staticPerturbation,0.007448761961189056
office4,jpegCompression_high_dynamicPerturbation,0.0071068341597266705
office4,jpegCompression_high_staticPerturbation,0.0075151551182030905
office4,jpegCompression_low_dynamicPerturbation,0.00720362168512925
office4,jpegCompression_low_staticPerturbation,0.00745028677519295
office4,jpegCompression_mid_dynamicPerturbation,0.007562433907940436
office4,jpegCompression_mid_staticPerturbation,0.0071941439638293385
office4,motionBlur_high_dynamicPerturbation,0.008444924586185476
office4,motionBlur_high_staticPerturbation,0.008499029384551552
office4,motionBlur_low_dynamicPerturbation,0.008684242062140595
office4,motionBlur_low_staticPerturbation,0.007648672226085518
office4,motionBlur_mid_dynamicPerturbation,0.008302789913759889
office4,motionBlur_mid_staticPerturbation,0.008012607816010707
office4,noPerturb_high_dynamicPerturbation,0.007281397732494557
office4,noPerturb_high_staticPerturbation,0.007412679009538363
office4,noPerturb_low_dynamicPerturbation,0.007295284277550223
office4,noPerturb_low_staticPerturbation,0.007485370251087631
office4,noPerturb_mid_dynamicPerturbation,0.007311845726550318
office4,noPerturb_mid_staticPerturbation,0.007355392672114904
office4,noPerturb_no_staticPerturbation16,0.8888602237384096
office4,noPerturb_no_staticPerturbation2,0.02517400042767583
office4,noPerturb_no_staticPerturbation32,0.3645873694292412
office4,noPerturb_no_staticPerturbation4,1.1036219538087615
office4,noPerturb_no_staticPerturbation8,1.5558729795167818
office4,pixelate_high_dynamicPerturbation,0.007518781362046523
office4,pixelate_high_staticPerturbation,0.007599733809526584
office4,pixelate_low_dynamicPerturbation,0.0076182498994686616
office4,pixelate_low_staticPerturbation,0.007342891222318209
office4,pixelate_mid_dynamicPerturbation,0.007579867094607935
office4,pixelate_mid_staticPerturbation,0.007620959537881296
office4,shotNoise_high_dynamicPerturbation,0.007755949957369248
office4,shotNoise_high_staticPerturbation,0.008529167074368635
office4,shotNoise_low_dynamicPerturbation,0.007894548849869698
office4,shotNoise_low_staticPerturbation,0.007124649094753684
office4,shotNoise_mid_dynamicPerturbation,0.00807693892415294
office4,shotNoise_mid_staticPerturbation,0.008200567637889745
office4,snow_high_dynamicPerturbation,0.0075419856112896545
office4,snow_high_staticPerturbation,0.008303641123116419
office4,snow_low_dynamicPerturbation,0.008243310980568545
office4,snow_low_staticPerturbation,0.007895885066328174
office4,snow_mid_dynamicPerturbation,0.009205371574420314
office4,snow_mid_staticPerturbation,0.007814198380428461
office4,spatter_high_dynamicPerturbation,0.007620478406293043
office4,spatter_high_staticPerturbation,0.008095171437570521
office4,spatter_low_dynamicPerturbation,0.007773141898754549
office4,spatter_low_staticPerturbation,0.00737102288899985
office4,spatter_mid_dynamicPerturbation,0.007817185757260495
office4,spatter_mid_staticPerturbation,0.006882295403560156
office4,speckleNoise_high_dynamicPerturbation,0.007344887814267763
office4,speckleNoise_high_staticPerturbation,0.008729278512034444
office4,speckleNoise_low_dynamicPerturbation,0.007929354609119256
office4,speckleNoise_low_staticPerturbation,0.007375460235009729
office4,speckleNoise_mid_dynamicPerturbation,0.007303382808131909
office4,speckleNoise_mid_staticPerturbation,0.007661959416575779
room0,brightness_high_dynamicPerturbation,0.007622230539218725
room0,brightness_high_staticPerturbation,0.00799574474119368
room0,brightness_low_dynamicPerturbation,0.007222573346275505
room0,brightness_low_staticPerturbation,0.006878936846936003
room0,brightness_mid_dynamicPerturbation,0.008144376369478823
room0,brightness_mid_staticPerturbation,0.006575015529106719
room0,contrast_high_dynamicPerturbation,0.007663370485956044
room0,contrast_high_staticPerturbation,0.0071949381562285575
room0,contrast_low_dynamicPerturbation,0.007591474956537562
room0,contrast_low_staticPerturbation,0.007344570915765154
room0,contrast_mid_dynamicPerturbation,0.007615660728749781
room0,contrast_mid_staticPerturbation,0.008064735359747924
room0,defocusBlur_high_dynamicPerturbation,0.007022731240904549
room0,defocusBlur_high_staticPerturbation,0.007296941864015135
room0,defocusBlur_low_dynamicPerturbation,0.006605366662087236
room0,defocusBlur_low_staticPerturbation,0.0063853115699032586
room0,defocusBlur_mid_dynamicPerturbation,0.006238026710599274
room0,defocusBlur_mid_staticPerturbation,0.006536843308053724
room0,fog_high_dynamicPerturbation,0.007754817498028637
room0,fog_high_staticPerturbation,0.00798660303632792
room0,fog_low_dynamicPerturbation,0.008061979327305686
room0,fog_low_staticPerturbation,0.007617521705008702
room0,fog_mid_dynamicPerturbation,0.007529082048210951
room0,fog_mid_staticPerturbation,0.008011317198433836
room0,frost_high_dynamicPerturbation,0.00706907114041613
room0,frost_high_staticPerturbation,0.007615265194307987
room0,frost_low_dynamicPerturbation,0.0076257638116936505
room0,frost_low_staticPerturbation,0.007090731820896741
room0,frost_mid_dynamicPerturbation,0.007841963758936133
room0,frost_mid_staticPerturbation,0.007623275205745017
room0,gaussianBlur_high_dynamicPerturbation,0.00674452845016561
room0,gaussianBlur_high_staticPerturbation,0.006867692343404379
room0,gaussianBlur_low_dynamicPerturbation,0.006289379012294919
room0,gaussianBlur_low_staticPerturbation,0.00650387324746805
room0,gaussianBlur_mid_dynamicPerturbation,0.006725751972552235
room0,gaussianBlur_mid_staticPerturbation,0.0062044122407784105
room0,gaussianNoise_high_dynamicPerturbation,0.007499306531765499
room0,gaussianNoise_high_staticPerturbation,0.007137821898749235
room0,gaussianNoise_low_dynamicPerturbation,0.007559113890586389
room0,gaussianNoise_low_staticPerturbation,0.006599078183115363
room0,gaussianNoise_mid_dynamicPerturbation,0.007188323321907934
room0,gaussianNoise_mid_staticPerturbation,0.0072881587723980295
room0,glassBlur_high_dynamicPerturbation,0.006883359764957317
room0,glassBlur_high_staticPerturbation,0.006424873963664888
room0,glassBlur_low_dynamicPerturbation,0.006707849152811418
room0,glassBlur_low_staticPerturbation,0.006537933027213354
room0,glassBlur_mid_dynamicPerturbation,0.006352300099330931
room0,glassBlur_mid_staticPerturbation,0.0070498490735388325
room0,impulseNoise_high_dynamicPerturbation,0.00732386773386637
room0,impulseNoise_high_staticPerturbation,0.00767062227058058
room0,impulseNoise_low_dynamicPerturbation,0.007486063375685934
room0,impulseNoise_low_staticPerturbation,0.007107392592286518
room0,impulseNoise_mid_dynamicPerturbation,0.007903811790919832
room0,impulseNoise_mid_staticPerturbation,0.007104065650141999
room0,jpegCompression_high_dynamicPerturbation,0.006272931939062233
room0,jpegCompression_high_staticPerturbation,0.006573648821993163
room0,jpegCompression_low_dynamicPerturbation,0.00683164113592933
room0,jpegCompression_low_staticPerturbation,0.006465508842609154
room0,jpegCompression_mid_dynamicPerturbation,0.00690761682811282
room0,jpegCompression_mid_staticPerturbation,0.006941987269770081
room0,motionBlur_high_dynamicPerturbation,0.008475425691057976
room0,motionBlur_high_staticPerturbation,0.007383591047952874
room0,motionBlur_low_dynamicPerturbation,0.007754072836447197
room0,motionBlur_low_staticPerturbation,0.006515287041617467
room0,motionBlur_mid_dynamicPerturbation,0.008321624815901337
room0,motionBlur_mid_staticPerturbation,0.00725962422283957
room0,noPerturb_high_dynamicPerturbation,0.0064118674308726135
room0,noPerturb_high_staticPerturbation,0.007001749501480585
room0,noPerturb_low_dynamicPerturbation,0.006504794928709112
room0,noPerturb_low_staticPerturbation,0.006527581531203088
room0,noPerturb_mid_dynamicPerturbation,0.006874543361608758
room0,noPerturb_mid_staticPerturbation,0.006443417928001121
room0,noPerturb_no_staticPerturbation16,0.5813702553202392
room0,noPerturb_no_staticPerturbation2,0.024698050832182548
room0,noPerturb_no_staticPerturbation32,0.9000002949922237
room0,noPerturb_no_staticPerturbation4,1.0952251964014377
room0,noPerturb_no_staticPerturbation8,1.0552517880263106
room0,pixelate_high_dynamicPerturbation,0.006675840885716975
room0,pixelate_high_staticPerturbation,0.007048047982239945
room0,pixelate_low_dynamicPerturbation,0.007195033605762388
room0,pixelate_low_staticPerturbation,0.00596780201042829
room0,pixelate_mid_dynamicPerturbation,0.006563272162872939
room0,pixelate_mid_staticPerturbation,0.006548695020112824
room0,shotNoise_high_dynamicPerturbation,0.006768818283341926
room0,shotNoise_high_staticPerturbation,0.00891458460690498
room0,shotNoise_low_dynamicPerturbation,0.007232810415932462
room0,shotNoise_low_staticPerturbation,0.006696318178167978
room0,shotNoise_mid_dynamicPerturbation,0.007082717896681823
room0,shotNoise_mid_staticPerturbation,0.007491303340697261
room0,snow_high_dynamicPerturbation,0.00810791893260712
room0,snow_high_staticPerturbation,0.007080505218707401
room0,snow_low_dynamicPerturbation,0.008256496235060843
room0,snow_low_staticPerturbation,0.006970013324218458
room0,snow_mid_dynamicPerturbation,0.007032189813552083
room0,snow_mid_staticPerturbation,0.006800740527661873
room0,spatter_high_dynamicPerturbation,0.006718398893563457
room0,spatter_high_staticPerturbation,0.00818537122962396
room0,spatter_low_dynamicPerturbation,0.007515093278431889
room0,spatter_low_staticPerturbation,0.00686459982239713
room0,spatter_mid_dynamicPerturbation,0.006973070998383131
room0,spatter_mid_staticPerturbation,0.006779462351035894
room0,speckleNoise_high_dynamicPerturbation,0.006886100684166634
room0,speckleNoise_high_staticPerturbation,0.008106445189320173
room0,speckleNoise_low_dynamicPerturbation,0.00736495590915715
room0,speckleNoise_low_staticPerturbation,0.00703957372871037
room0,speckleNoise_mid_dynamicPerturbation,0.007392623531035112
room0,speckleNoise_mid_staticPerturbation,0.006811358289915404
room1,brightness_high_dynamicPerturbation,0.011267494352867162
room1,brightness_high_staticPerturbation,0.009812237885505563
room1,brightness_low_dynamicPerturbation,0.010895883354565166
room1,brightness_low_staticPerturbation,0.008023586979412278
room1,brightness_mid_dynamicPerturbation,0.009654067450197501
room1,brightness_mid_staticPerturbation,0.019594091640159243
room1,contrast_high_dynamicPerturbation,0.008384536688691525
room1,contrast_high_staticPerturbation,0.010313347676639243
room1,contrast_low_dynamicPerturbation,0.0125449186053716
room1,contrast_low_staticPerturbation,0.010473943853105058
room1,contrast_mid_dynamicPerturbation,0.015373122310877235
room1,contrast_mid_staticPerturbation,0.010550036746088032
room1,defocusBlur_high_dynamicPerturbation,0.008996563228573107
room1,defocusBlur_high_staticPerturbation,0.008099288777861884
room1,defocusBlur_low_dynamicPerturbation,0.009192201227940802
room1,defocusBlur_low_staticPerturbation,0.011593386985736046
room1,defocusBlur_mid_dynamicPerturbation,0.007853047241316293
room1,defocusBlur_mid_staticPerturbation,0.00775710813062357
room1,fog_high_dynamicPerturbation,0.02736045158896796
room1,fog_high_staticPerturbation,0.02567351023322667
room1,fog_low_dynamicPerturbation,0.012387830201042538
room1,fog_low_staticPerturbation,0.011099630203406367
room1,fog_mid_dynamicPerturbation,0.008641968820995903
room1,fog_mid_staticPerturbation,0.008804724624198013
room1,frost_high_dynamicPerturbation,0.014002688396234208
room1,frost_high_staticPerturbation,0.010493816591148942
room1,frost_low_dynamicPerturbation,0.02212397431162629
room1,frost_low_staticPerturbation,0.012844901695500297
room1,frost_mid_dynamicPerturbation,0.01410707192073534
room1,frost_mid_staticPerturbation,0.02264221625904323
room1,gaussianBlur_high_dynamicPerturbation,0.017021714821129113
room1,gaussianBlur_high_staticPerturbation,0.012272307464409668
room1,gaussianBlur_low_dynamicPerturbation,0.049081285680002265
room1,gaussianBlur_low_staticPerturbation,0.009101542178022132
room1,gaussianBlur_mid_dynamicPerturbation,0.008143827603518904
room1,gaussianBlur_mid_staticPerturbation,0.009126935711901723
room1,gaussianNoise_high_dynamicPerturbation,0.023787443661608
room1,gaussianNoise_high_staticPerturbation,0.017375006495463658
room1,gaussianNoise_low_dynamicPerturbation,0.010919809161026741
room1,gaussianNoise_low_staticPerturbation,0.02100885523664594
room1,gaussianNoise_mid_dynamicPerturbation,0.011011087756337646
room1,gaussianNoise_mid_staticPerturbation,0.05386147109361229
room1,glassBlur_high_dynamicPerturbation,0.008652169169789527
room1,glassBlur_high_staticPerturbation,0.011511587890635461
room1,glassBlur_low_dynamicPerturbation,0.008066540893925712
room1,glassBlur_low_staticPerturbation,0.011176814002630686
room1,glassBlur_mid_dynamicPerturbation,0.012677554244165428
room1,glassBlur_mid_staticPerturbation,0.009728145631799101
room1,impulseNoise_high_dynamicPerturbation,0.02009517890159001
room1,impulseNoise_high_staticPerturbation,0.008716368209702624
room1,impulseNoise_low_dynamicPerturbation,0.008246953694481465
room1,impulseNoise_low_staticPerturbation,0.008212655929717155
room1,impulseNoise_mid_dynamicPerturbation,0.010702222568972984
room1,impulseNoise_mid_staticPerturbation,0.009694240645206955
room1,jpegCompression_high_dynamicPerturbation,0.008396982804005124
room1,jpegCompression_high_staticPerturbation,0.008341335156292479
room1,jpegCompression_low_dynamicPerturbation,0.010038976567886649
room1,jpegCompression_low_staticPerturbation,0.01030543699546094
room1,jpegCompression_mid_dynamicPerturbation,0.0089774966733031
room1,jpegCompression_mid_staticPerturbation,0.010490915019306905
room1,motionBlur_high_dynamicPerturbation,0.010072496861207246
room1,motionBlur_high_staticPerturbation,0.013487342480778403
room1,motionBlur_low_dynamicPerturbation,0.009902314675267832
room1,motionBlur_low_staticPerturbation,0.035376818531228704
room1,motionBlur_mid_dynamicPerturbation,0.011053024439069024
room1,motionBlur_mid_staticPerturbation,0.010223004008576344
room1,noPerturb_high_dynamicPerturbation,0.007576043555628737
room1,noPerturb_high_staticPerturbation,0.0102889623718247
room1,noPerturb_low_dynamicPerturbation,0.007317711452352256
room1,noPerturb_low_staticPerturbation,0.01339395304448794
room1,noPerturb_mid_dynamicPerturbation,0.008747265178705152
room1,noPerturb_mid_staticPerturbation,0.007622206852289998
room1,noPerturb_no_staticPerturbation16,0.671591152349134
room1,noPerturb_no_staticPerturbation2,0.5396225841077881
room1,noPerturb_no_staticPerturbation32,1.3096604496866875
room1,noPerturb_no_staticPerturbation4,0.9643696961738897
room1,noPerturb_no_staticPerturbation8,0.6680711457742988
room1,pixelate_high_dynamicPerturbation,0.01027596608283873
room1,pixelate_high_staticPerturbation,0.008104360213312845
room1,pixelate_low_dynamicPerturbation,0.012704562847221615
room1,pixelate_low_staticPerturbation,0.007566421737326021
room1,pixelate_mid_dynamicPerturbation,0.008505084771490645
room1,pixelate_mid_staticPerturbation,0.01084395774770747
room1,shotNoise_high_dynamicPerturbation,0.009018054708884933
room1,shotNoise_high_staticPerturbation,0.008790287600796927
room1,shotNoise_low_dynamicPerturbation,0.01783354511252755
room1,shotNoise_low_staticPerturbation,0.00956050172986585
room1,shotNoise_mid_dynamicPerturbation,0.010008961698914154
room1,shotNoise_mid_staticPerturbation,0.01179251403731447
room1,snow_high_dynamicPerturbation,0.0144983489335691
room1,snow_high_staticPerturbation,0.014232879476405525
room1,snow_low_dynamicPerturbation,0.012270007071508842
room1,snow_low_staticPerturbation,0.011763233747799643
room1,snow_mid_dynamicPerturbation,0.01485965373993794
room1,snow_mid_staticPerturbation,0.009402534327990405
room1,spatter_high_dynamicPerturbation,0.03062128611633642
room1,spatter_high_staticPerturbation,0.009051739918448603
room1,spatter_low_dynamicPerturbation,0.012277526006801147
room1,spatter_low_staticPerturbation,0.009269023798967683
room1,spatter_mid_dynamicPerturbation,0.010792619467999984
room1,spatter_mid_staticPerturbation,0.013697115196648988
room1,speckleNoise_high_dynamicPerturbation,0.010020020434769924
room1,speckleNoise_high_staticPerturbation,0.015799797753200152
room1,speckleNoise_low_dynamicPerturbation,0.009759447698262636
room1,speckleNoise_low_staticPerturbation,0.010593504497450095
room1,speckleNoise_mid_dynamicPerturbation,0.01072423556840787
room1,speckleNoise_mid_staticPerturbation,0.017570288648596857
room2,brightness_high_dynamicPerturbation,0.011260952138480199
room2,brightness_high_staticPerturbation,0.011607420456205829
room2,brightness_low_dynamicPerturbation,0.011175282549407774
room2,brightness_low_staticPerturbation1,0.009182656644128408
room2,brightness_mid_dynamicPerturbation,0.01049668000074875
room2,brightness_mid_staticPerturbation,0.009907852023132591
room2,contrast_high_dynamicPerturbation,0.01134194416627989
room2,contrast_high_staticPerturbation,0.012712353835692504
room2,contrast_low_dynamicPerturbation,0.011430369371329362
room2,contrast_low_staticPerturbation1,0.01040337403022684
room2,contrast_mid_dynamicPerturbation,0.01129582637983908
room2,contrast_mid_staticPerturbation,0.012195169320038453
room2,defocusBlur_high_dynamicPerturbation,0.009641517043404307
room2,defocusBlur_high_staticPerturbation,0.009467718411700125
room2,defocusBlur_low_dynamicPerturbation,0.009977678277871566
room2,defocusBlur_low_staticPerturbation1,0.008851859142436974
room2,defocusBlur_mid_dynamicPerturbation,0.009132731575497835
room2,defocusBlur_mid_staticPerturbation,0.009714907301742261
room2,fog_high_dynamicPerturbation,0.011777574247667526
room2,fog_high_staticPerturbation,0.012778314318997156
room2,fog_low_dynamicPerturbation,0.011961041740596133
room2,fog_low_staticPerturbation1,0.01190688949822068
room2,fog_mid_dynamicPerturbation,0.011450642233588888
room2,fog_mid_staticPerturbation1,0.012460391199722816
room2,frost_high_dynamicPerturbation,0.01202833562394937
room2,frost_high_staticPerturbation,0.01153940485545076
room2,frost_low_dynamicPerturbation,0.011136807415142183
room2,frost_low_staticPerturbation1,0.009684254675790194
room2,frost_mid_dynamicPerturbation,0.012241551897103615
room2,frost_mid_staticPerturbation1,0.01100621591636017
room2,gaussianBlur_high_dynamicPerturbation,0.009144459988082729
room2,gaussianBlur_high_staticPerturbation,0.010815459577636606
room2,gaussianBlur_low_dynamicPerturbation,0.008604434138004734
room2,gaussianBlur_low_staticPerturbation1,0.009209474808265028
room2,gaussianBlur_mid_dynamicPerturbation,0.009269803952517166
room2,gaussianBlur_mid_staticPerturbation,0.009104258810752249
room2,gaussianNoise_high_dynamicPerturbation,0.009997591663358826
room2,gaussianNoise_high_staticPerturbation,0.010603754747595853
room2,gaussianNoise_low_dynamicPerturbation,0.01005570908776233
room2,gaussianNoise_low_staticPerturbation1,0.00946982155328713
room2,gaussianNoise_mid_dynamicPerturbation,0.009908618729724502
room2,gaussianNoise_mid_staticPerturbation,0.010028669955731996
room2,glassBlur_high_dynamicPerturbation,0.0090231464684694
room2,glassBlur_high_staticPerturbation,0.009146780964999527
room2,glassBlur_low_dynamicPerturbation,0.008535682532234076
room2,glassBlur_low_staticPerturbation1,0.009405291455882554
room2,glassBlur_mid_dynamicPerturbation,0.009223373675256974
room2,glassBlur_mid_staticPerturbation,0.00988737482812406
room2,impulseNoise_high_dynamicPerturbation,0.010090508262651498
room2,impulseNoise_high_staticPerturbation,0.010101704646629094
room2,impulseNoise_low_dynamicPerturbation,0.009215034557188166
room2,impulseNoise_low_staticPerturbation1,0.010208423511150741
room2,impulseNoise_mid_dynamicPerturbation,0.00926291862697591
room2,impulseNoise_mid_staticPerturbation,0.00990009243152168
room2,jpegCompression_high_dynamicPerturbation,0.009306656050907662
room2,jpegCompression_high_staticPerturbation,0.009355066973152075
room2,jpegCompression_low_dynamicPerturbation,0.009509433165466452
room2,jpegCompression_low_staticPerturbation1,0.00913655916209606
room2,jpegCompression_mid_dynamicPerturbation,0.009531943816526962
room2,jpegCompression_mid_staticPerturbation1,0.009020451513776681
room2,motionBlur_high_dynamicPerturbation,0.010088790842096539
room2,motionBlur_high_staticPerturbation,0.011847980488848601
room2,motionBlur_low_dynamicPerturbation,0.01054680207588579
room2,motionBlur_low_staticPerturbation1,0.009256836410771558
room2,motionBlur_mid_dynamicPerturbation,0.009982598486577636
room2,motionBlur_mid_staticPerturbation,0.010375075824765247
room2,noPerturb_high_dynamicPerturbation,0.009444846615561893
room2,noPerturb_high_staticPerturbation,0.009498950908588573
room2,noPerturb_low_dynamicPerturbation,0.009459242936551114
room2,noPerturb_low_staticPerturbation1,0.009654262261672682
room2,noPerturb_mid_dynamicPerturbation,0.00877122856374217
room2,noPerturb_mid_staticPerturbation1,0.009606174840159904
room2,noPerturb_no_staticPerturbation16,1.0137938138134406
room2,noPerturb_no_staticPerturbation2,0.02247546520817472
room2,noPerturb_no_staticPerturbation32,1.2122270741137413
room2,noPerturb_no_staticPerturbation4,0.835767493093186
room2,noPerturb_no_staticPerturbation8,1.1223694675575127
room2,pixelate_high_dynamicPerturbation,0.008887261935714059
room2,pixelate_high_staticPerturbation,0.009417275558603869
room2,pixelate_low_dynamicPerturbation,0.010433208312280663
room2,pixelate_low_staticPerturbation1,0.00974014986133549
room2,pixelate_mid_dynamicPerturbation,0.009269935072716954
room2,pixelate_mid_staticPerturbation1,0.009680622130365534
room2,shotNoise_high_dynamicPerturbation,0.010058222115347081
room2,shotNoise_high_staticPerturbation,0.01052884287682362
room2,shotNoise_low_dynamicPerturbation,0.010788600727502394
room2,shotNoise_low_staticPerturbation1,0.009195265853060608
room2,shotNoise_mid_dynamicPerturbation,0.010790433578284044
room2,shotNoise_mid_staticPerturbation,0.010803143634672444
room2,snow_high_dynamicPerturbation,0.011884552664144694
room2,snow_high_staticPerturbation,0.011443487583366796
room2,snow_low_dynamicPerturbation,0.011544576963085742
room2,snow_low_staticPerturbation1,0.009541097440066598
room2,snow_mid_dynamicPerturbation,0.010396857227404112
room2,snow_mid_staticPerturbation1,0.010052536529875518
room2,spatter_high_dynamicPerturbation,0.009838666419238062
room2,spatter_high_staticPerturbation,0.009999617747613428
room2,spatter_low_dynamicPerturbation,0.009661562548986594
room2,spatter_low_staticPerturbation1,0.009429358836776867
room2,spatter_mid_dynamicPerturbation,0.009614812832581135
room2,spatter_mid_staticPerturbation,0.010218197008522032
room2,speckleNoise_high_dynamicPerturbation,0.010282518803025466
room2,speckleNoise_high_staticPerturbation,0.010719925250965552
room2,speckleNoise_low_dynamicPerturbation,0.009526364025530068
room2,speckleNoise_low_staticPerturbation1,0.009525739544844324
room2,speckleNoise_mid_dynamicPerturbation,0.010289456659944005
room2,speckleNoise_mid_staticPerturbation,0.011113381291899123
room2,zoomBlur_low_staticPerturbation1,0.010633691082026792
